ProductID,ProductName,Category
100,not,Clothing
101,ready,Clothing
102,fill,Books
103,avoid,Clothing
104,beyond,Toys
105,culture,Toys
106,late,Toys
107,bad,Electronics
108,everyone,Toys
109,others,Toys
110,key,Clothing
111,everything,Books
112,he,Toys
113,positive,Clothing
114,too,Home Appliances
115,local,Home Appliances
116,carry,Home Appliances
117,edge,Home Appliances
118,side,Electronics
119,unit,Clothing
120,question,Toys
121,left,Home Appliances
122,product,Toys
123,throughout,Home Appliances
124,table,Electronics
125,instead,Toys
126,country,Clothing
127,fact,Home Appliances
128,factor,Home Appliances
129,box,Books
130,again,Home Appliances
131,apply,Home Appliances
132,movement,Electronics
133,gun,Books
134,interview,Electronics
135,candidate,Books
136,pull,Toys
137,increase,Books
138,collection,Home Appliances
139,wife,Clothing
140,condition,Clothing
141,third,Electronics
142,hospital,Toys
143,cup,Clothing
144,half,Clothing
145,market,Electronics
146,here,Clothing
147,or,Home Appliances
148,certainly,Home Appliances
149,risk,Home Appliances
150,trouble,Toys
151,fast,Home Appliances
152,subject,Books
153,before,Toys
154,could,Books
155,international,Toys
156,create,Toys
157,event,Toys
158,team,Books
159,rather,Clothing
160,next,Electronics
161,economy,Electronics
162,language,Books
163,feel,Electronics
164,energy,Electronics
165,others,Home Appliances
166,group,Electronics
167,religious,Books
168,especially,Clothing
169,everyone,Toys
170,military,Books
171,at,Electronics
172,other,Books
173,either,Toys
174,book,Books
175,true,Electronics
176,spend,Clothing
177,floor,Electronics
178,store,Toys
179,according,Books
180,hard,Home Appliances
181,perform,Toys
182,senior,Home Appliances
183,wish,Home Appliances
184,yet,Home Appliances
185,close,Toys
186,increase,Home Appliances
187,nor,Toys
188,kitchen,Clothing
189,feeling,Home Appliances
190,professional,Toys
191,surface,Books
192,almost,Home Appliances
193,hot,Clothing
194,development,Books
195,just,Clothing
196,personal,Books
197,human,Books
198,accept,Books
199,share,Clothing
